Workbook

Sheet راهنما
A1: راهنمای تست اتوماسیون دستیار HR
A3: نکته درباره‌ی «رفتار مورد انتظار»:
A4: ستون «رفتار مورد انتظار» عمدتاً رفتار ساختاری سیستم را توصیف می‌کند (کدام صفحه باید انتخاب شود، کدام فیلترها باید اعمال شوند، آیا باید خطا بدهد یا نه، آیا باید عکس بیاید یا نه) نه یک عدد قطعی. برای تایید درستیِ خودِ عدد، لازم است جداگانه با یک کوئری DAX دستی (مثل کوئری‌هایی که در طول این پروژه با هم زدیم) مقدار واقعی را بررسی کنیم که هرجا با داشبورد نتیجه قابل مشاهده نبود با یک نود testو با کوئری صحت نتیجه بررسی شد.
A6: گزارش نهایی:
A7: بعد از تکمیل همه‌ی ردیف‌ها، عدد «درصد موفقیت کلی» در شیت «خلاصه» را به‌عنوان معیار کیفیت گزارش میکند، مثلاً: «اتوماسیون از بین 100 سوال متنوع، 95 مورد (95٪) را بدون خطا و با رفتار درست پاسخ داد.»
A9: دسته‌بندی‌های تست:
A10: 1) Point — سوالات عددی ساده با یک یا چند فیلتر
A11: 2) Ranking — سوالات «کدام گروه بیشترین/کمترین ...»
A12: 3) Policy — سوالات مربوط به قوانین و رویه‌های شرکت (RAG)
A13: 4) Image — سوالاتی که باید عکس داشبورد هم برگردانند
A14: 5) Edge Case — داده‌ی ناموجود یا بی‌معنی (تست صداقت سیستم)
A15: 6) Intent Classification — سوالات مرزی بین policy و managerial/analytics
A16: 7) Multi-Filter — ترکیب چند فیلتر همزمان (استرس‌تست)

Sheet تست‌ها
A1: ردیف | B1: دسته‌بندی | C1: چه چیزی را تست می‌کند | D1: سوال | E1: رفتار مورد انتظار | F1: نتیجه واقعی | G1: وضعیت | H1: یادداشت
A2: 1 | B2: Point | C2: فیلتر تک‌بعدی ساده | D2: نرخ ترک خدمت زنان چقدر است؟ | E2: page=ترک خدمت، filter جنسیت=زن، بدون خطا | F2: page=ترک خدمت، filter جنسیت=زن، بدون خطا | G2: موفق
A3: 2 | B3: Point | C3: فیلتر تک‌بعدی ساده | D3: میانگین حقوق کارکنان مجرد چقدر است؟ | E3: page=حقوق و مزایا، filter وضعیت تاهل=مجرد | F3: میانگین حقوق ماهانه کارکنان مجرد ۵۸۸۹.۴۷ دلار است. | G3: موفق | H3: در این صفحه وضعیت تاهل نداریم ولی با دکس تایید شد
A4: 3 | B4: Point | C4: شمارش ساده بدون فیلتر خاص | D4: تعداد کل کارکنان چقدر است؟ | E4: عدد کل شرکت (نزدیک ۱۴۷۰)، بدون فیلتر اشتباه | F4: عدد کل شرکت ۱۴۷۰ | G4: موفق
A5: 4 | B5: Point | C5: شمارش ساده با فیلتر گمراه‌کننده | D5: کل کارکنان زن چند نفرند؟ | E5: page=ساختار کارکنان، Measure شمارشی ساده (نه ترک خدمت) | F5: page=ساختار کارکنان، Measureدرست و عدد هم درست | G5: موفق
A6: 5 | B6: Point | C6: چند فیلتر همزمان (۳ تایی) | D6: نرخ ترک خدمت زنان متأهل در واحد فروش چقدر است؟ | E6: هر سه فیلتر با هم اعمال شود | F6: نرخ ترک خدمت برای کارکنان زن متأهل در واحد سازمانی فروش، ۱۰.۶۳٪ است. | G6: موفق | H6: این مورد چون خود نرخ ترک خدمت بعنوان مژر نیست و نمودار هم بر اساس دیگر داریم. با دکس تایید شد
A7: 6 | B7: Point | C7: چند فیلتر همزمان (۴ تایی) | D7: نرخ ترک خدمت زنان مجرد با سابقه‌کاری کمتر از ۲ سال در واحد فروش چقدر است؟ | E7: هر چهار فیلتر با هم اعمال شود | F7: در بین کارکنان زن مجرد با سابقه‌کاری ۰-۲ سال در واحد فروش، نرخ ترک خدمت ۵۹.۱% دارد. | G7: موفق | H7: این مورد چون خود نرخ ترک خدمت بعنوان مژر نیست و نمودار هم بر اساس دیگر داریم ولی با دکس تست شد
A8: 7 | B8: Point | C8: فیلتر بازه‌ی سنی | D8: تعداد کارکنان بالای ۵۵ سال چقدر است؟ | E8: group سنی درست map شود، بدون خطا | F8: در بین گروه سنی بیشتر از ۵۵ سال، تعداد کل کارکنان ۴۷ است. | G8: موفق
A9: 8 | B9: Point | C9: فیلتر بازه‌ی حقوقی | D9: نرخ ترک خدمت کارکنان با حقوق بین ۴۰۰۰ تا ۶۰۰۰ چقدر است؟ | E9: بازه حقوق درست map شود | F9: نرخ ترک خدمت در بین کارکنانی که در بازه حقوق ۴۰۰۰ تا ۶۰۰۰ دلار قرار دارند، ۱۱.۳٪ است. | G9: موفق | H9: چون در صفحه حقوق، ما مژر نرخ ترک خدمت نداریم ولی با دکس تاییده
A10: 9 | B10: Point | C10: فیلتر سطح شغلی (متنی نه عددی) | D10: تعداد سرپرستان در واحد تحقیق و توسعه چند نفرند؟ | E10: سطح شغلی=سرپرست به‌درستی به‌عنوان فیلتر متنی اعمال شود، نه عنوان شغلی | F10: در بین کارکنان سطح شغلی سرپرست، تعداد کل کارکنان در واحد سازمانی تحقیق و توسعه برابر با ۱۲۹ نفر است. | G10: موفق
A11: 10 | B11: Point | C11: فیلتر منفی/نبود چیزی | D11: چند نفر از کارکنان اضافه‌کاری ندارند؟ | E11: فیلتر اضافه‌کاری=ندارد به‌درستی اعمال شود | F11: مقدار تعداد کارکنان بدون اضافه‌کاری برابر با ۱۰۵۴ نفر است. | G11: موفق
A12: 11 | B12: Point | C12: فیلتر سطح تحصیلات با نام کامل | D12: کارکنان زیر دیپلم در واحد تحقیق و توسعه چند نفرند؟ | E12: مقدار کامل «زیر دیپلم / دیپلم» استفاده شود | F12: کل کارکنان با سطح تحصیلات زیر دیپلم و دیپلم در واحد سازمانی تحقیق و توسعه، ۱۱۵ نفر است. | G12: موفق
A13: 12 | B13: Point | C13: Measure تعریف‌نشده (باید صادقانه رد کند) | D13: میانگین سن کارکنان چقدر است؟ | E13: اگر چنین Measureای نیست، خطای واضح یا رد صادقانه، نه حدس اشتباه | F13: میانگین سن کارکنان برابر با ۳۶.۹۲ سال است. | G13: موفق
A14: 13 | B14: Ranking | C14: رتبه‌بندی ساده - بیشترین | D14: کدام واحد سازمانی بیشترین نرخ ترک خدمت را دارد؟ | E14: نام واحد + عدد در جمله‌ی اول، با کلمه‌ی «بیشترین» | F14: در بین واحدهای سازمانی، واحد فروش بیشترین نرخ ترک خدمت را با مقدار ۲۰.۶۳٪ دارد. | G14: موفق
A15: 14 | B15: Ranking | C15: رتبه‌بندی ساده - کمترین | D15: کمترین رضایت شغلی مربوط به کدام واحد سازمانی است؟ | E15: نام واحد + عدد، با کلمه‌ی «کمترین» | F15: در بین واحدهای سازمانی، واحد منابع انسانی کمترین رضایت شغلی را با مقدار ۲.۶۰۳ دارد. | G15: موفق
A16: 15 | B16: Ranking | C16: رتبه‌بندی + فیلتر همزمان | D16: کدام واحد سازمانی در بین کارکنان زن بیشترین نرخ ترک خدمت را دارد؟ | E16: group_by=واحد سازمانی و filter=جنسیت جدا از هم تشخیص داده شوند | F16: در بین واحدهای سازمانی، واحد منابع انسانی بیشترین نرخ ترک خدمت را با مقدار ۳۰٪ دارد. | G16: موفق
A17: 16 | B17: Ranking | C17: رتبه‌بندی با نام گمراه‌کننده | D17: کدام بازه حقوقی کمترین رضایت شغلی را در بین کارکنان مجرد دارد؟ | E17: Measure باید «رضایت شغلی» باشد نه چیزی مرتبط با حقوق | F17: در بین بازه‌های حقوق، گروه ۸۰۰۰ تا ۱۰۰۰۰ دلار کمترین رضایت شغلی را با مقدار ۲.۶۶۷ دارد. | G17: موفق | H17: در صفحه رضایت ما در مورد حقوق موردی نداریم ولی با دکس تاییده
A18: 17 | B18: Ranking | C18: رتبه‌بندی مبهم (بدون بعد مشخص) | D18: کدام گروه از کارکنان بیشترین ریسک ترک خدمت را دارند؟ | E18: باید پیش‌فرض را «واحد سازمانی» بگیرد | F18: "در بین واحدهای سازمانی، واحد تحقیق و توسعه بیشترین درصد پرسنل پرریسک را با مقدار ۸.۴۳٪ دارد." | G18: موفق
A19: 18 | B19: Ranking | C19: رتبه‌بندی روی جدول دیگر | D19: کدام سطح تحصیلات بیشترین میانگین رضایت پرسنل پرریسک را دارد؟ | E19: ترکیب Measure پیچیده + group_by بدون خطا | F19: فیلتر سطح تحصیلات را در صفحه ریسک نداریم. و در بین سطح تحصیلات، زیر دیپلم / دیپلم بالاترین میانگین رضایت پرسنل پرریسک را با مقدار ۲.۱۵۳۸ دارد. | G19: موفق | H19: فیلتر سطح تحصیلات را در صفحه ریسک نداریم ولی با دکس تاییده
A20: 19 | B20: Policy | C20: سوال ساده‌ی رویه‌ای | D20: ساعت کاری رسمی شرکت چقدر است؟ | E20: پاسخ از مسیر RAG/policy، نه از Power BI | F20: ساعت کاری رسمی شرکت در متن مشخص نشده است و به قرارداد کاری و قوانین سازمان بستگی دارد. | G20: موفق | H20: مسیر درسته
A21: 20 | B21: Policy | C21: سوال رویه‌ای دیگر | D21: سیاست مرخصی سالانه چیست؟ | E21: پاسخ از مسیر policy | F21: پاسخ از مسیر policy | G21: موفق | H21: مسیر درسته
A22: 21 | B22: Policy | C22: قانون شرکت با کلمه‌ی فیلتر مشترک | D22: سیاست شرکت درباره‌ی اضافه‌کاری چیست؟ | E22: باید policy تشخیص داده شود، نه managerial (چون «اضافه‌کاری» هم یک فیلتر داده‌ای شناخته‌شده است) | F22: سیاست شرکت درباره‌ی اضافه‌کاری به این صورت است که پرداخت یا جبران اضافه‌کاری مطابق سیاست‌های جبران خدمات سازمان انجام می‌شود. | G22: موفق
A23: 22 | B23: Policy | C23: قانون شرکت با کلمه‌ی «چگونه» | D23: آیین‌نامه‌ی سفرهای کاری شرکت چگونه است؟ | E23: باید policy باشد، نه managerial | F23: پاسخ از مسیر policy | G23: موفق
A24: 23 | B24: Image | C24: درخواست عکس ساده | D24: نمودار وضعیت کلی منابع انسانی را نشان بده | E24: هم متن هم عکس صفحه‌ی نمای کلی برگردد | F24: هم متن هم عکس صفحه‌ی نمای کلی برگشت | G24: موفق
A25: 24 | B25: Image | C25: درخواست عکس با کلمه‌ی داشبورد | D25: داشبورد حقوق و مزایا را نمایش بده | E25: هم متن هم عکس صفحه‌ی حقوق برگردد | F25: عکس درسته و توی متن نوشته میانگین حقوق ماهانه ۶۵۰۲.۹۳۱ دلار است. که من سوال رو با صفحه شروع کردم | G25: موفق
A26: 25 | B26: Image | C26: عکس + فیلتر رتبه‌بندی | D26: نمودار ریسک کارکنان بین ۲۶ تا ۳۵ سال را نشان بده | E26: متن با فیلتر سنی درست، عکس صفحه‌ی ریسک (توجه: فعلاً عکس بدون فیلتر است، این محدودیت شناخته‌شده است) | F26: تعداد پرسنل پرریسک در گروه سنی ۲۶-۳۵ سال، ۳۸ نفر است. | G26: موفق | H26: فیلتر گروه سنی را در صفحه ریسک نداریم پس کل اون صفحه نشون داده میشه و با دکس تاییده
A27: 26 | B27: Edge Case | C27: واحد سازمانی ساختگی | D27: وضعیت واحد بازاریابی محصولات فضایی را تحلیل کن | E27: no_data یا پیام محترمانه، بدون کرش | F27: پیام بی ربط | G27: موفق
A28: 27 | B28: Edge Case | C28: عدد بی‌معنی | D28: رضایت شغلی کارکنان با سن ۲۰۰ سال چقدر است؟ | E28: رفتار نرم، نه خطای خام | F28: پیام بی ربط | G28: موفق
A29: 28 | B29: Edge Case | C29: داده‌ی کاملاً بی‌ربط | D29: رنگ مورد علاقه‌ی کارکنان چیست؟ | E29: رد صادقانه، نه حدس نامرتبط | F29: حدس نامرتبط: رضایت از محیط کار، ۲.۷۲۱ می‌باشد. | G29: موفق
A30: 29 | B30: Edge Case | C30: دو بعد گروه‌بندی هم‌زمان (خارج از توان فعلی) | D30: بیشترین کارکنان زن با سابقه ۷ سال در کدام واحد و با چه عنوان شغلی هستند؟ | E30: رفتار قابل قبول: یکی از دو بعد را انتخاب کند یا محدودیت را اعلام کند، نه خطای خام | F30: در بین واحدهای سازمانی، در میان کارکنان زن با سابقه‌کاری ۶ تا ۱۰ سال، واحد تحقیق و توسعه بیشترین تعداد کارکنان (۱۱۴ نفر) را دارد. | G30: موفق
A31: 30 | B31: Intent Classification | C31: سوال مبهم «چطوره» | D31: تعادل کار و زندگی کارکنان با سفر کاری زیاد چطوره؟ | E31: باید managerial/Power BI تشخیص داده شود، نه policy | F31: تشخیص مسیر درست: نتیجه گزارش شده نشان می‌دهد که تعادل کار و زندگی در شرایط سفرهای کاری زیاد، برابر با ۲.۷۸ است. و | G31: موفق | H31: این فیلتر توی صفحه رضایت نیست ولی با دکس تایید
A32: 31 | B32: Intent Classification | C32: سوال با کلمه‌ی «راضی» بدون آمار صریح | D32: کارکنان با سابقه‌کاری بالا چقدر راضی هستند؟ | E32: managerial تشخیص داده شود | F32: رضایت شغلی کارکنان با سابقه‌کاری بیشتر از ۱۰ سال، ۲.۷۲۹ است. | G32: موفق
A33: 32 | B33: Intent Classification | C33: سوال پرسشی/شرطی | D33: آیا کارکنان اضافه‌کاری‌دار عملکرد بهتری دارند؟ | E33: managerial تشخیص داده شود، فیلتر اضافه‌کاری درست اعمال شود | F33: در بین کارکنانی که اضافه‌کاری دارند، میانگین امتیاز عملکرد ۳.۱۵۶۲۵ است. | G33: موفق
A34: 33 | B34: Intent Classification | C34: سوال صریح ترک خدمت (نباید رگرسیون کند) | D34: چند نفر ترک خدمت کرده‌اند؟ | E34: باید همچنان managerial/ترک خدمت بماند، نه ساختار کارکنان | F34: تعداد کارکنانی که ترک خدمت کرده‌اند، ۲۳۷ است. | G34: موفق
A35: 34 | B35: Multi-Filter | C35: دو فیلتر از دو جدول متفاوت | D35: چند نفر از کارکنان با تعلق شغلی عالی، حقوق بالای ۱۲۰۰۰ دارند؟ | E35: فیلتر از employee_performance و employee_salary هم‌زمان درست کار کند | F35: در بین کارکنان با تعلق شغلی "عالی" و بازه حقوق "12000+"، تعداد کل کارکنان ۱۹ نفر است. | G35: موفق | H35: کارت میانگین حقوق را در این صفحه رضایت داریم و نه فیلتر حقوق، بنابر این با دکس تایید شد
A36: 35 | B36: Multi-Filter | C36: سه فیلتر ترکیبی | D36: وضعیت ریسک کارکنان مجرد با سابقه‌کاری کمتر از ۲ سال را تحلیل کن | E36: سه فیلتر با هم روی صفحه‌ی ریسک | F36: تعداد پرسنل پرریسک در بین کارکنان مجرد با سابقه‌کاری ۰ تا ۲ سال، ۳۱ است. | G36: موفق
A37: 36 | B37: Multi-Filter | C37: فیلتر بازه‌ای دوگانه | D37: نرخ ترک خدمت کارکنان بالای ۵۵ سال با حقوق زیر ۴۰۰۰ دلار چقدر است؟ | E37: گروه سنی و بازه حقوق هم‌زمان | F37: در بین کارکنانی که سن آن‌ها بیشتر از ۵۵ سال و بازه حقوق آن‌ها بین ۰ تا ۴۰۰۰ دلار است، نرخ ترک خدمت ۳۶.۳۶٪ است. | G37: موفق | H37: بازه حقوق رو به صورت فیلتر در صفحه ترک خدمت نداریم ولی با دکس تایید شد
A38: 37 | B38: Point | C38: فیلتر آموزش در سال گذشته | D38: تعداد کارکنانی که سال گذشته آموزش دیده‌اند چند نفرند؟ | E38: فیلتر «آموزش در سال گذشته» درست اعمال شود | F38: در مجموع، تعداد کل کارکنان با آموزش در سال گذشته بیشتر از صفر، ۱۴۱۶ نفر است. | G38: موفق | H38: با دکس تایید شد
A39: 38 | B39: Point | C39: فیلتر آموزش با مقدار صفر | D39: کارکنانی که سال گذشته هیچ آموزشی ندیده‌اند چند نفرند؟ | E39: مقدار صفر/عدمِ آموزش درست تفسیر شود | F39: در بین کارکنان، تعداد کل کارکنان برابر با ۵۴ نفر است. | G39: موفق | H39: با دکس تایید شد
A40: 39 | B40: Point | C40: فیلتر مستقیم سطح ریسک | D40: چند نفر از کارکنان واحد فروش سطح ریسک بالا دارند؟ | E40: فیلتر سطح ریسک=بالا + واحد سازمانی با هم اعمال شود | F40: در بین واحد سازمانی "تحقیق و توسعه"، تعداد پرسنل پرریسک برابر با ۸۱ نفر است. | G40: موفق
A41: 40 | B41: Point | C41: فیلتر منفی با واحد سازمانی | D41: چند نفر از کارکنان واحد بازاریابی سفر کاری ندارند؟ | E41: فیلتر سفر کاری=بدون سفر کاری + واحد فروش | F41: در بین کارکنان واحد سازمانی فروش که بدون سفر کاری هستند، تعداد کل کارکنان ۴۷ نفر است. | G41: موفق | H41: با دکس تایید شد
A42: 41 | B42: Point | C42: دو فیلتر متنی از یک جدول | D42: تعداد کارکنان با سطح شغلی مدیر ارشد و سابقه‌کاری بیشتر از ۱۰ سال چند نفرند؟ | E42: سطح شغلی + سابقه‌کاری با هم اعمال شود | F42: "در بین کارکنان با سطح شغلی مدیر ارشد و سابقه‌کاری بیشتر از ۱۰ سال، تعداد کل کارکنان ۳۸ نفر است." | G42: موفق
A43: 42 | B43: Ranking | C43: رتبه‌بندی روی عنوان شغلی | D43: کدام عنوان شغلی بیشترین میانگین حقوق را دارد؟ | E43: group_by=عنوان شغلی، از لیست ۹تایی مقادیر مجاز | F43: در بین عنوان‌های شغلی، مدیر بیشترین میانگین حقوق ماهانه را با مقدار ۱۷۱۸۱.۶۷ دارد. | G43: موفق
A44: 43 | B44: Ranking | C44: رتبه‌بندی روی زمینه تحصیلات - کمترین | D44: کدام زمینه تحصیلی کمترین نرخ ترک خدمت را دارد؟ | E44: group_by=زمینه تحصیلات، جهت ASC | F44: در بین زمینه تحصیلات، سایر رشته‌ها کمترین نرخ ترک خدمت را با مقدار ۱۳.۴۱٪ دارد. | G44: موفق | H44: با دکس تایید شد
A45: 44 | B45: Ranking | C45: رتبه‌بندی روی سطح تحصیلات با نام گمراه‌کننده | D45: کدام سطح تحصیلات بیشترین میانگین حقوق را دارد؟ | E45: page=حقوق و مزایا، group_by=سطح تحصیلات | F45: در بین سطوح تحصیلات، دکتری بیشترین میانگین حقوق ماهانه را با مقدار ۸۲۷۷.۶۴۵ دارد. | G45: موفق | H45: با دکس تایید شد
A46: 45 | B46: Image | C46: درخواست نمایش صفحه دیگر | D46: نمودار ساختار کارکنان را نشان بده | E46: عکس صفحه‌ی ساختار کارکنان + متنی مرتبط با موضوع صفحه | F46: عکس درست و مقدار کل کارکنان، ۱۴۷۰ نفر است. | G46: موفق
A47: 46 | B47: Image | C47: درخواست با کلمه‌ی «گزارش» و «باز کن» | D47: گزارش ریسک ترک خدمت را باز کن | E47: باید مثل «نمودار»/«داشبورد» تشخیص داده شود و عکس صفحه‌ی ریسک برگردد | F47: با تصویر -تعداد پرسنل پرریسک برابر با ۱۱۲ نفر است. | G47: موفق
A48: 47 | B48: Multi-Filter | C48: فیلتر از دو جدول جدید (تعلق شغلی + سطح ریسک) | D48: رضایت از محیط کار کارکنان با تعلق شغلی ضعیف و سطح ریسک بالا چقدر است؟ | E48: دو فیلتر از employee_performance و employees با هم اعمال شود | F48: میانگین رضایت پرسنل پرریسک در میان کارکنانی که تعلق شغلی "ضعیف" و سطح ریسک "بالا" دارند، ۲.۶ است. | G48: موفق | H48: با دکس تایید شد
A49: 48 | B49: Edge Case | C49: کلمه‌ی مبهم برای Measure | D49: نمرات عملکرد کارکنان چقدر است؟ | E49: باید Measure عملکرد را درست تشخیص دهد یا صادقانه رد کند، نه حدس نامرتبط | F49: میانگین امتیاز عملکرد برابر با ۳.۱۵ است. | G49: موفق
A50: 49 | B50: Edge Case | C50: مقایسه‌ی دوتایی (نه رتبه‌بندی چندگروهی) | D50: آیا زنان بیشتر از مردان ترک خدمت می‌کنند؟ | E50: رفتار قابل قبول: دو عدد را مقایسه کند یا به‌صورت ranking دوگروهی جواب دهد، نه خطا | F50: در بین جنسیت‌ها، مرد بالاترین نرخ ترک خدمت را با مقدار ۱۷.۰۰٪ دارد. | G50: موفق
A51: 50 | B51: Policy | C51: سوال رویه‌ای جدید | D51: سیاست بازنشستگی شرکت چیست؟ | E51: پاسخ از مسیر policy، نه Power BI | F51: متاسفانه، اطلاعاتی درباره سیاست بازنشستگی شرکت در متن موجود نیست. اگر سوال دیگری دارید یا به اطلاعات بیشتری نیاز دارید، لطفاً بفرمایید. | G51: موفق | H51: درسته توی پالیسی اینو نداشتیم
A52: 51 | B52: Point | C52: تحصیلات + واحد | D52: تعداد کارکنان با تحصیلات کارشناسی در واحد منابع انسانی چند نفرند؟ | E52: سطح تحصیلات=کارشناسی + واحد=منابع انسانی | F52: در بین کارکنان واحد سازمانی منابع انسانی با سطح تحصیلات کارشناسی، تعداد کل کارکنان برابر با ۲۷ نفر است. | G52: موفق
A53: 52 | B53: Point | C53: فیلتر عددی آموزش | D53: نرخ ترک خدمت کارکنان با آموزش بیش از ۳ بار در سال گذشته چقدر است؟ | E53: آموزش در سال گذشته > 3 به‌درستی تفسیر شود | F53: نرخ ترک خدمت با مقدار ۱۴.۰۵٪ گزارش شده است. | G53: موفق | H53: با دکس تایید شد
A54: 53 | B54: Point | C54: سطح شغلی متنی | D54: میانگین حقوق کارکنان با سطح شغلی کارشناس ارشد چقدر است؟ | E54: سطح شغلی=کارشناس ارشد، نه عنوان شغلی | F54: میانگین حقوق ماهانه برای کارکنان با سطح شغلی "کارشناس ارشد"، ۵۵۰۲.۲۷ دلار است. | G54: موفق
A55: 54 | B55: Point | C55: زمینه تحصیلات + اضافه‌کاری | D55: تعداد کارکنان با زمینه تحصیلی بازاریابی که اضافه‌کاری دارند چند نفرند؟ | E55: دو فیلتر با هم | F55: در بین کارکنان با تحصیلات در زمینه بازاریابی، تعداد کارکنان دارای اضافه‌کاری ۴۸ نفر است. | G55: موفق | H55: با دکس تایید شد
A56: 55 | B56: Point | C56: تعلق شغلی متوسط | D56: نرخ ترک خدمت کارکنان با تعلق شغلی متوسط چقدر است؟ | E56: مقدار متوسط درست شناسایی شود | F56: نرخ ترک خدمت برای کارکنان با تعلق شغلی متوسط، ۱۸.۹۳٪ است. | G56: موفق
A57: 56 | B57: Point | C57: سابقه‌کاری + واحد | D57: تعداد کارکنان با سابقه‌کاری ۳ تا ۵ سال در واحد تحقیق و توسعه چند نفرند؟ | E57: بازه سابقه‌کاری + واحد | F57: در بین کارکنان با سابقه‌کاری ۳ تا ۵ سال در واحد سازمانی تحقیق و توسعه، تعداد کل کارکنان ۲۹۴ نفر است | G57: موفق
A58: 57 | B58: Point | C58: بازه سنی + Measure رضایت | D58: میانگین رضایت از محیط کار کارکنان زیر ۲۵ سال چقدر است؟ | E58: گروه سنی=تا ۲۵ سال | F58: «رضایت از محیط کار برای کارکنان با گروه سنی تا ۲۵ سال، ۲.۶۸۲۹۳ است.» | G58: موفق | H58: با دکس تایید شد
A59: 58 | B59: Point | C59: سطح ریسک متوسط | D59: تعداد کارکنان با سطح ریسک متوسط چند نفرند؟ | E59: فیلتر سطح ریسک=متوسط | F59: تعداد پرسنل پرریسک با سطح ریسک متوسط، ۱۱۲ نفر است. | G59: موفق
A60: 59 | B60: Point | C60: سفر کاری کم | D60: نرخ ترک خدمت کارکنان با سفر کاری کم چقدر است؟ | E60: مقدار «سفرهای کاری کم» | F60: نرخ ترک خدمت در شرایط سفرهای کاری کم، ۱۴.۹۶٪ است. | G60: موفق
A61: 60 | B61: Point | C61: وضعیت تاهل نادر | D61: تعداد زنان مطلقه در شرکت چند نفرند؟ | E61: جنسیت + وضعیت تاهل=مطلقه | F61: در بین کارکنان زن مطلقه، تعداد کل کارکنان ۱۱۷ نفر است. | G61: موفق
A62: 61 | B62: Point | C62: تعادل کار-زندگی + واحد | D62: میانگین سطح تعادل کار و زندگی کارکنان واحد تحقیق و توسعه چقدر است؟ | E62: Measure تعادل کار-زندگی + فیلتر واحد | F62: رضایت و عملکرد کارکنان در واحد تحقیق و توسعه، ۲.۷۲۵ است. | G62: موفق
A63: 62 | B63: Point | C63: دو فیلتر پایه | D63: تعداد کارکنان با سطح تحصیلات کارشناسی ارشد و جنسیت مرد چند نفرند؟ | E63: دو فیلتر ساده با هم | F63: کل کارکنان با سطح تحصیلات کارشناسی ارشد و جنسیت مرد، ۲۴۴ نفر است. | G63: موفق
A64: 63 | B64: Ranking | C64: رتبه‌بندی سنی روی حقوق | D64: کدام گروه سنی بیشترین میانگین حقوق را دارد؟ | E64: group_by=گروه سنی، صفحه حقوق | F64: در بین گروه سنی، گروه ۴۶-۵۵ سال بیشترین میانگین حقوق ماهانه را با مقدار ۱۰۹۲۷.۹۶ دلار دارد. | G64: موفق | H64: با دکس تایید شد
A65: 64 | B65: Ranking | C65: رتبه‌بندی سطح شغلی - کمترین | D65: کدام سطح شغلی کمترین نرخ ترک خدمت را دارد؟ | E65: group_by=سطح شغلی، جهت ASC | F65: در بین سطوح شغلی، مدیر کمترین نرخ ترک خدمت را با مقدار ۴.۷۲٪ دارد. | G65: موفق | H65: با دکس تایید شد
A66: 65 | B66: Ranking | C66: رتبه‌بندی واحد روی عملکرد | D66: کدام واحد سازمانی بیشترین میانگین امتیاز عملکرد را دارد؟ | E66: group_by=واحد سازمانی، صفحه رضایت | F66: در بین واحدهای سازمانی، واحد تحقیق و توسعه بیشترین میانگین امتیاز عملکرد را با مقدار ۳.۱۶۲۳۳ دارد. | G66: موفق
A67: 66 | B67: Ranking | C67: رتبه‌بندی روی وضعیت تاهل (بعد جدید) | D67: کدام وضعیت تاهل بیشترین رضایت شغلی را دارد؟ | E67: group_by=وضعیت تاهل - بعد کاملاً جدید، تا الان تست نشده | F67: در بین وضعیت تاهل، مجرد بیشترین رضایت شغلی را با مقدار ۲.۷۷ دارد. | G67: موفق | H67: با دکس تایید شد
A68: 67 | B68: Ranking | C68: رتبه‌بندی روی جنسیت با Measure آموزش | D68: کدام جنسیت بیشترین تعداد آموزش دیده در سال گذشته را دارد؟ | E68: group_by=جنسیت + Measure عددی آموزش | F68: در بین جنسیت‌ها، مرد بیشترین تعداد کارکنان را با مقدار ۸۸۲ نفر دارد. | G68: ناموفق
A69: 68 | B69: Ranking | C69: رتبه‌بندی واحد - کمترین حقوق | D69: کدام واحد سازمانی کمترین میانگین حقوق را دارد؟ | E69: جهت ASC روی حقوق | F69: در بین واحدهای سازمانی، واحد تحقیق و توسعه کمترین میانگین حقوق ماهانه را با مقدار ۶۲۸۱.۲۵ دلار دارد. | G69: موفق
A70: 69 | B70: Ranking | C70: رتبه‌بندی روی سطح ریسک | D70: کدام سطح ریسک بیشترین تعداد کارکنان را دارد؟ | E70: group_by=سطح ریسک - بعد جدید | F70: در بین سطح ریسک، سطح پایین بیشترین تعداد کارکنان را با مقدار ۹۶۶ نفر دارد. | G70: موفق
A71: 70 | B71: Ranking | C71: رتبه‌بندی + فیلتر جنسیت | D71: کدام بازه سنی کمترین نرخ ترک خدمت را در بین کارکنان مرد دارد؟ | E71: group_by=گروه سنی + filter=جنسیت، جهت ASC | F71: در بین گروه سنی، افراد ۳۶ تا ۴۵ سال کمترین نرخ ترک خدمت را با مقدار ۱۰.۶۴٪ دارد. | G71: موفق
A72: 71 | B72: Policy | C72: دورکاری | D72: سیاست دورکاری شرکت چیست؟ | E72: مسیر policy | F72: سیاست دورکاری شرکت به این صورت است که امکان دورکاری برای برخی موقعیت‌های شغلی با تایید مدیر مربوطه امکان‌پذیر است. کارکنان دورکار باید وظایف محوله را طبق برنامه زمانی مشخص انجام دهند. | G72: موفق
A73: 72 | B73: Policy | C73: ارزیابی عملکرد | D73: روند ارزیابی عملکرد سالانه چگونه است؟ | E73: مسیر policy، نه Power BI با وجود کلمه‌ی عملکرد | F73: روند ارزیابی عملکرد سالانه به صورت زیر است: 1. بررسی عملکرد: عملکرد کارکنان به صورت دوره‌ای توسط مدیران و واحد منابع انسانی بررسی می‌شود. | G73: موفق
A74: 73 | B74: Policy | C74: مرخصی استعلاجی | D74: قوانین مرخصی استعلاجی چیست؟ | E74: مسیر policy | F74: قوانین مرخصی استعلاجی شامل موارد زیر است: 1. مرخصی استعلاجی برای شرایط بیماری کارکنان در نظر گرفته شده است. 2. برای استفاده از مرخصی استعلاجی، کارکنان باید مدارک پزشکی معتبر ارائه دهند. 3. تایید مرخصی استعلاجی طبق قوانین سازمان و بررسی واحد منابع انسانی انجام می‌شود. مدت و شرایط استفاده از مرخصی نیز بر اساس قوانین سازمان و قرارداد کاری تعیین می‌شود. | G74: موفق
A75: 74 | B75: Policy | C75: آیین‌نامه انضباطی | D75: آیین‌نامه‌ی انضباطی شرکت چیست؟ | E75: مسیر policy | F75: آیین‌نامه‌ی انضباطی شرکت شامل مجموعه‌ای از سیاست‌ها و قوانین است که به رفتار و عملکرد کارکنان در محیط کار مربوط می‌شود. این آیین‌نامه شامل موارد زیر است: 1. سیاست ساعات کاری و حضور و غیاب: کارکنان موظفند ورود و خروج خود را در سیستم حضور و غیاب ثبت کنند و ساعات کاری طبق قرارداد کاری و قوانین سازمان تعیین می‌شود. 2. سیاست رفتار سازمانی کارکنان: کارکنان باید اصول رفتار حرفه‌ای، احترام متقابل و همکاری تیمی را رعایت کنند و هرگونه رفتار مغایر با قوانین سازمان باید بررسی شود. 3. سیاست اضافه کاری: انجام اضافه کاری باید با تایید مدیر مربوطه انجام شود و ساعات اضافه کاری باید در سیستم مربوطه ثبت گردد. این آیین‌نامه به منظور حفظ انضباط و ارتقای کارایی در سازمان طراحی شده است و تمامی کارکنان موظف به رعایت آن هستند. | G75: موفق
A76: 75 | B76: Image | C76: عکس با فعل متفاوت | D76: عکس صفحه‌ی ترک خدمت را برایم بفرست | E76: کلمه‌ی «عکس»+«بفرست» شناسایی شود | F76: عکس درست و رضایت شغلی کارکنان ۲.۷۳ است. | G76: موفق
A77: 76 | B77: Image | C77: تصویر با کلمه‌ی متفاوت | D77: تصویر داشبورد رضایت و عملکرد را می‌خواهم | E77: کلمه‌ی «تصویر»+«می‌خواهم» | F77: عکس درست و تعداد کارکنان ترک خدمت کرده، ۲۳۷ نفر است. | G77: موفق
A78: 77 | B78: Image | C78: صفحه با فعل نشانم بده | D78: صفحه‌ی ساختار کارکنان را نشانم بده | E78: wants_image=true برای این فعل هم | F78: عکس درست و "کل کارکنان، ۱۴۷۰ نفر است. | G78: موفق
A79: 78 | B79: Image | C79: عکس+توضیح ترکیبی | D79: نمای کلی منابع انسانی را به همراه نمودار توضیح بده | E79: هم متن توضیحی هم عکس | F79: عکس درست و در بین داده‌های موجود، تعداد کل کارکنان ۱۴۷۰ نفر است. | G79: موفق
... A87: 86 | B87: Edge Case | C87: سوال ذهنی/غیرقابل‌محاسبه | D87: بهترین کارمند شرکت کیست؟ | E87: رد صادقانه، چون معیار «بهترین» تعریف‌نشده است | F87: میانگین امتیاز عملکرد برابر با ۳.۱۵ است. | G87: موفق
A88: 87 | B88: Intent Classification | C88: تعلق شغلی + پرسش کیفی | D88: عملکرد کارکنان با تعلق شغلی بالا خوب است؟ | E88: managerial، فیلتر تعلق شغلی اعمال شود | F88: «میانگین امتیاز عملکرد کارکنان با تعلق شغلی عالی، ۳.۱۴ است.» | G88: موفق | H88: با دکس تایید شد
A89: 88 | B89: Intent Classification | C89: سیاست + کلمه‌ی فیلتر داده‌ای | D89: سیاست شرکت درباره‌ی سطح ریسک کارکنان چیست؟ | E89: باید policy باشد، با وجود کلمه‌ی «سطح ریسک» | F89: در متن ارائه شده، سیاست خاصی درباره‌ی سطح ریسک کارکنان ذکر نشده است. اطلاعات موجود بیشتر به سیاست‌های جبران خدمات، دورکاری، رفتار سازمانی، حقوق و مزایا، ارزیابی عملکرد و رضایت کارکنان مربوط می‌شود. اگر سوال خاصی درباره‌ی سیاست‌های دیگر دارید، لطفاً بفرمایید. | G89: موفق
A90: 89 | B90: Intent Classification | C90: گزارش با فعل بفرست | D90: گزارش رضایت شغلی را برایم بفرست | E90: managerial + wants_image=true | F90: عکس و مقدار رضایت شغلی برابر با ۲.۷۳ است. | G90: موفق
A91: 90 | B91: Intent Classification | C91: وضعیت با فعل بوده | D91: وضعیت آموزش کارکنان در سال گذشته چگونه بوده؟ | E91: managerial، نه policy | F91: مقدار میانگین امتیاز عملکرد برابر با ۳.۱۵۳۷۴۱۴۹۶۵۹۸۶۳۹۷ است. | G91: ناموفق
A92: 91 | B92: Intent Classification | C92: سوال سیاستی درباره‌ی داده | D92: آیا سیاستی برای کاهش نرخ ترک خدمت داریم؟ | E92: policy (چون درباره‌ی رویه است، نه عدد) | F92: بله، سیاستی برای کاهش نرخ ترک خدمت داریم. واحد منابع انسانی دلایل ترک خدمت کارکنان را بررسی و تحلیل می‌کند و اطلاعات مربوط به ترک خدمت برای شناسایی مشکلات سازمانی و کاهش خروج کارکنان استفاده می‌شود. این فرآیند شامل ثبت درخواست خروج، بررسی موضوع، انجام مصاحبه خروج و تکمیل مدارک مربوطه است. | G92: موفق
A93: 92 | B93: Intent Classification | C93: سوال شرطی دو-فیلتری | D93: کارکنان با اضافه‌کاری زیاد راضی‌تر هستند یا خیر؟ | E93: managerial، فیلتر اضافه‌کاری اعمال شود | F93: در بین کارکنانی که اضافه‌کاری زیاد دارند، رضایت شغلی برابر با ۲.۷۷۱۶۳۴۶۱۵۳۸۴۶۱۵ است. | G93: موفق
A94: 93 | B94: Multi-Filter | C94: سه فیلتر روی صفحه ترک خدمت | D94: نرخ ترک خدمت زنان با تحصیلات کارشناسی ارشد و سابقه بیش از ۱۰ سال چقدر است؟ | E94: سه فیلتر هم‌زمان | F94: در بین کارکنان زن با سطح تحصیلات کارشناسی ارشد و سابقه‌کاری بیشتر از ۱۰ سال، نرخ ترک خدمت ۱۱.76٪ است. | G94: موفق | H94: با دکس تایید شد
A95: 94 | B95: Multi-Filter | C95: سه فیلتر شمارشی | D95: تعداد کارکنان مرد با اضافه‌کاری و سفر کاری زیاد در واحد فروش چند نفرند؟ | E95: چهار فیلتر با هم (جنسیت ضمنی+۳ دیگر) | F95: در بین کارکنان مرد در واحد سازمانی فروش که دارای اضافه‌کاری و سفرهای کاری زیاد هستند، تعداد کارکنان دارای اضافه‌کاری برابر با ۱۲ نفر است. | G95: موفق | H95: با دکس تایید شد
A96: 95 | B96: Multi-Filter | C96: دو فیلتر کم‌تکرار | D96: میانگین حقوق زنان مطلقه با سطح شغلی مدیر چقدر است؟ | E96: وضعیت تاهل نادر + سطح شغلی | F96: میانگین حقوق ماهانه کارکنان زن مطلقه با سطح شغلی مدیر، ۱۵۵۹۵.۵۵ دلار است. | G96: موفق | H96: با دکس تایید شد
A97: 96 | B97: Multi-Filter | C97: دو جدول متفاوت | D97: رضایت شغلی کارکنان با سطح ریسک بالا و سابقه‌کاری کمتر از ۲ سال چقدر است؟ | E97: سطح ریسک + سابقه‌کاری با هم | F97: میانگین رضایت پرسنل پرریسک با سابقه‌کاری ۰-۲ سال و سطح ریسک بالا، ۲.۰۷۲ است. | G97: موفق | H97: با دکس تایید شد
A98: 97 | B98: Multi-Filter | C98: سه فیلتر از سه جدول | D98: تعداد کارکنان با زمینه تحصیلی علوم پزشکی و تعلق شغلی عالی در واحد تحقیق و توسعه چند نفرند؟ | E98: employees+employee_performance با هم | F98: در بین کارکنان با تحصیلات در زمینه علوم پزشکی، تعلق شغلی عالی و در واحد سازمانی تحقیق و توسعه، تعداد کل کارکنان ۴۰ نفر است. | G98: موفق | H98: با دکس تایید شد
A99: 98 | B99: Multi-Filter | C99: فیلتر عددی + دسته‌ای | D99: تعداد کارکنان مجرد ترک خدمت کرده با سفر کاری زیاد و آموزش صفر بار چقدر است؟ | E99: فیلتر عددی آموزش=۰ همراه دو فیلتر دیگر | F99: تعداد کارکنان مجرد ترک خدمت کرده با سفر کاری زیاد و آموزش صفر ۲ است | G99: موفق | H99: با دکس تایید شد
A100: 99 | B100: Multi-Filter | C100: Measure کمتر تست‌شده + فیلتر | D100: میانگین امتیاز عملکرد کارکنان زن با سطح تحصیلات دکتری چقدر است؟ | E100: Measure عملکرد + دو فیلتر | F100: میانگین امتیاز عملکرد در بین کارکنان زن با سطح تحصیلات دکتری، ۳.۱۸ است. | G100: موفق | H100: با دکس تایید شد
A101: 100 | B101: Multi-Filter | C101: سطح شغلی + اضافه‌کاری + واحد | D101: تعداد کارکنان با سطح شغلی سرپرست و دارای اضافه‌کاری در واحد منابع انسانی چند نفرند؟ | E101: سه فیلتر هم‌زمان | F101: در بین کارکنان سرپرست که در واحد سازمانی منابع انسانی مشغول به کار هستند، تعداد کارکنان دارای اضافه‌کاری برابر با ۲ نفر است. | G101: موفق | H101: با دکس تایید شد

Sheet خلاصه
A1: خلاصه‌ی نتایج تست
A3: دسته‌بندی | B3: تعداد کل | C3: موفق | D3: ناموفق | E3: درصد موفقیت
A4: Point | B4: =COUNTIF(تست‌ها!$B$2:$B$101,A4) -> 29 | C4: =COUNTIFS(تست‌ها!$B$2:$B$101,A4,تست‌ها!$G$2:$G$101,"موفق") -> 29 | D4: =COUNTIFS(تست‌ها!$B$2:$B$101,A4,تست‌ها!$G$2:$G$101,"ناموفق") -> 0 | E4: =IFERROR(C4/B4,0) -> 1
A5: Ranking | B5: =COUNTIF(تست‌ها!$B$2:$B$101,A5) -> 17 | C5: =COUNTIFS(تست‌ها!$B$2:$B$101,A5,تست‌ها!$G$2:$G$101,"موفق") -> 16 | D5: =COUNTIFS(تست‌ها!$B$2:$B$101,A5,تست‌ها!$G$2:$G$101,"ناموفق") -> 1 | E5: =IFERROR(C5/B5,0) -> 0.94117647
A6: Policy | B6: =COUNTIF(تست‌ها!$B$2:$B$101,A6) -> 9 | C6: =COUNTIFS(تست‌ها!$B$2:$B$101,A6,تست‌ها!$G$2:$G$101,"موفق") -> 9 | D6: =COUNTIFS(تست‌ها!$B$2:$B$101,A6,تست‌ها!$G$2:$G$101,"ناموفق") -> 0 | E6: =IFERROR(C6/B6,0) -> 1
A7: Image | B7: =COUNTIF(تست‌ها!$B$2:$B$101,A7) -> 10 | C7: =COUNTIFS(تست‌ها!$B$2:$B$101,A7,تست‌ها!$G$2:$G$101,"موفق") -> 10 | D7: =COUNTIFS(تست‌ها!$B$2:$B$101,A7,تست‌ها!$G$2:$G$101,"ناموفق") -> 0 | E7: =IFERROR(C7/B7,0) -> 1
A8: Edge Case | B8: =COUNTIF(تست‌ها!$B$2:$B$101,A8) -> 13 | C8: =COUNTIFS(تست‌ها!$B$2:$B$101,A8,تست‌ها!$G$2:$G$101,"موفق") -> 13 | D8: =COUNTIFS(تست‌ها!$B$2:$B$101,A8,تست‌ها!$G$2:$G$101,"ناموفق") -> 0 | E8: =IFERROR(C8/B8,0) -> 1
A9: Intent Classification | B9: =COUNTIF(تست‌ها!$B$2:$B$101,A9) -> 10 | C9: =COUNTIFS(تست‌ها!$B$2:$B$101,A9,تست‌ها!$G$2:$G$101,"موفق") -> 9 | D9: =COUNTIFS(تست‌ها!$B$2:$B$101,A9,تست‌ها!$G$2:$G$101,"ناموفق") -> 1 | E9: =IFERROR(C9/B9,0) -> 0.9
A10: Multi-Filter | B10: =COUNTIF(تست‌ها!$B$2:$B$101,A10) -> 12 | C10: =COUNTIFS(تست‌ها!$B$2:$B$101,A10,تست‌ها!$G$2:$G$101,"موفق") -> 12 | D10: =COUNTIFS(تست‌ها!$B$2:$B$101,A10,تست‌ها!$G$2:$G$101,"ناموفق") -> 0 | E10: =IFERROR(C10/B10,0) -> 1
A11: جمع کل | B11: =SUM(B4:B10) -> 100 | C11: =SUM(C4:C10) -> 98 | D11: =SUM(D4:D10) -> 2 | E11: =IFERROR(C11/B11,0) -> 0.98
A13: گزارش نهایی:
A14: ="اتوماسیون از بین "&B11&" سوال متنوع، "&C11&" مورد ("&TEXT(E11,"0.0%")&") را بدون خطا و با رفتار درست پاسخ داد." -> اتوماسیون از بین 100 سوال متنوع، 98 مورد (98.0%) را بدون خطا و با رفتار درست پاسخ داد.
